<?xml version="1.0" encoding="UTF-8"?>
<feature
        id="io.cloudbeaver.server.feature"
        label="%featureName"
        version="20.0.4.202102191905"
        provider-name="%providerName"
        plugin="io.cloudbeaver.server">

    <description>
        %description
    </description>

    <copyright>
        %copyright
    </copyright>

    <requires>
        <import plugin="org.eclipse.core.resources" version="0.0.0" match="greaterOrEqual"/>
        <import plugin="org.eclipse.core.runtime" version="3.7" match="greaterOrEqual"/>
        <!-- Equinox -->
        <import plugin="org.eclipse.equinox.launcher" version="0.0.0" match="greaterOrEqual"/>
        <import plugin="org.eclipse.equinox.common" version="0.0.0" match="greaterOrEqual"/>
        <import plugin="org.eclipse.equinox.event" version="0.0.0" match="greaterOrEqual"/>
        <import plugin="org.eclipse.equinox.preferences" version="0.0.0" match="greaterOrEqual"/>
        <import plugin="org.eclipse.equinox.registry" version="0.0.0" match="greaterOrEqual"/>
        <import plugin="org.eclipse.osgi.compatibility.state" version="0.0.0" match="greaterOrEqual"/>
        <!-- Main Equinox service provider -->
        <import plugin="org.apache.felix.scr" version="0.0.0" match="greaterOrEqual"/>
    </requires>

    <includes id="org.jkiss.dbeaver.runtime.feature" version="21.0.0.202102191905"/>
    <includes id="org.jkiss.dbeaver.db.feature" version="1.0.43.202102191905"/>

    <plugin id="io.cloudbeaver.server" download-size="261" install-size="607" version="20.0.4.202102191905" unpack="false"/>
    <plugin id="io.cloudbeaver.service.admin" download-size="26" install-size="63" version="1.0.19.202102191905" unpack="false"/>
    <plugin id="io.cloudbeaver.service.auth" download-size="7" install-size="14" version="1.0.19.202102191905" unpack="false"/>
    <plugin id="io.cloudbeaver.service.data.transfer" download-size="21" install-size="49" version="1.0.20.202102191905" unpack="false"/>
    <plugin id="io.cloudbeaver.service.metadata" download-size="5" install-size="7" version="1.0.23.202102191905" unpack="false"/>

    <!-- Extra plugins -->
    <plugin id="org.jkiss.dbeaver.data.office" download-size="20" install-size="48" version="1.1.90.202102191905" unpack="false"/>
    <plugin id="org.jkiss.bundle.apache.poi" download-size="15621" install-size="18493" version="4.1.1"/>
    <plugin id="org.jkiss.dbeaver.net.ssh" download-size="118" install-size="147" version="1.0.73.202102191905" unpack="false"/>
    <plugin id="org.jkiss.dbeaver.net.ssh.sshj" download-size="8" install-size="15" version="1.0.73.202102191905" unpack="false"/>

    <!-- 3rd party deps -->
    <plugin id="com.ibm.icu.base" download-size="181" install-size="380" version="58.2.0.v20170418-1837" unpack="false"/>
    <plugin id="javax.servlet" download-size="108" install-size="210" version="3.1.0.v201410161800" unpack="false"/>
    <plugin id="org.eclipse.jetty.server" download-size="723" install-size="1564" version="9.4.35.v20201120" unpack="false"/>
    <plugin id="org.eclipse.jetty.servlet" download-size="154" install-size="334" version="9.4.35.v20201120" unpack="false"/>
    <plugin id="org.eclipse.jetty.util" download-size="585" install-size="1169" version="9.4.35.v20201120" unpack="false"/>
    <plugin id="com.google.gson" download-size="253" install-size="507" version="2.8.2.v20180104-1110" unpack="false"/>
    <plugin id="org.jkiss.bundle.graphql.java" download-size="1857" install-size="2016" version="12.1.1" unpack="false"/>

</feature>
