<?xml version="1.0" encoding="UTF-8"?>
<feature
        id="org.jkiss.dbeaver.runtime.feature"
        label="%featureName"
        version="21.0.0.202102191905"
        provider-name="%providerName"
        plugin="org.jkiss.dbeaver.model">

    <description>
        %description
    </description>

    <copyright>
        %copyright
    </copyright>

    <license url="%licenseURL">
        %license
    </license>

    <requires>
        <import plugin="org.eclipse.core.runtime"/>
        <import plugin="org.eclipse.core.resources"/>
        <import plugin="org.eclipse.core.expressions"/>
    </requires>

    <plugin id="org.jkiss.utils" download-size="80" install-size="160" version="2.1.135.202102191905" unpack="false"/>
    <plugin id="org.jkiss.dbeaver.slf4j" download-size="3" install-size="8" version="2.0.22.202102191905" unpack="false"/>
    <plugin id="org.jkiss.dbeaver.model" download-size="1623" install-size="3429" version="1.0.141.202102191905" unpack="false"/>
    <plugin id="org.jkiss.dbeaver.model.sql" download-size="215" install-size="443" version="1.0.42.202102191905" unpack="false"/>
    <plugin id="org.jkiss.dbeaver.registry" download-size="385" install-size="892" version="1.0.46.202102191905" unpack="false"/>
    <plugin id="org.jkiss.dbeaver.net.ssh" download-size="118" install-size="147" version="1.0.73.202102191905" unpack="false"/>
    <plugin id="org.jkiss.dbeaver.net.ssh.jsch" download-size="12" install-size="21" version="1.1.62.202102191905" unpack="false"/>
    <plugin id="org.jkiss.dbeaver.cmp.simple" download-size="19" install-size="35" version="6.0.48.202102191905" unpack="false"/>
    <plugin id="org.jkiss.dbeaver.data.transfer" download-size="268" install-size="683" version="2.0.36.202102191905" unpack="false"/>
    <plugin id="org.jkiss.dbeaver.tasks.native" download-size="28" install-size="55" version="1.0.30.202102191905" unpack="false"/>
    <plugin id="org.jkiss.dbeaver.erd.model" download-size="40" install-size="91" version="1.0.12.202102191905" unpack="false"/>

    <!-- GIS -->
    <plugin id="org.jkiss.dbeaver.data.gis" download-size="22" install-size="42" version="1.0.76.202102191905" unpack="false"/>
    <plugin id="org.jkiss.bundle.gis" download-size="1499" install-size="1648" version="2.0.4" unpack="false"/>

    <!-- 3rd party -->
    <plugin id="com.github.jsqlparser" download-size="742" install-size="1897" version="4.0.0" unpack="false"/>
    <plugin id="org.apache.commons.jexl" download-size="388" install-size="840" version="3.1.0" unpack="false"/>
    <plugin id="net.sf.opencsv" download-size="19" install-size="37" version="2.3.0" unpack="false"/>
    <plugin id="com.google.gson" download-size="253" install-size="507" version="2.8.2.v20180104-1110"/>
    <plugin id="com.jcraft.jsch" download-size="297" install-size="539" version="0.1.55.v20190404-1902"/>
    <plugin id="com.sun.jna" download-size="1432" install-size="3897" version="4.5.1.v20190425-1842"/>
    <plugin id="com.sun.jna.platform" download-size="1167" install-size="2368" version="4.5.1.v20190425-1842"/>

</feature>
