{
	"folders": {},
	"connections": {
		"sqlite_xerial-sample-database": {
			"provider": "generic",
			"driver": "sqlite_jdbc",
			"name": "SQLite - Chinook (Sample)",
			"save-password": true,
			"read-only": false,
			"configuration": {
				"database": "${application.path}/../samples/db/Chinook.sqlitedb",
				"type": "dev",
				"auth-model": "native"
			}
		},
		"postgresql-template-1": {
			"provider": "postgresql",
			"driver": "postgres-jdbc",
			"name": "PostgreSQL (Template)",
			"save-password": false,
			"template": true,
			"read-only": true,
			"configuration": {
				"host": "localhost",
				"port": "5432",
				"database": "postgres",
				"url": "jdbc:postgresql://localhost:5432/postgres",
				"type": "dev",
				"provider-properties": {
					"@dbeaver-show-non-default-db@": "false"
				}
			}
		},
		"postgres-jdbc-177bbb6ae14-6a62c399c776c7da": {
			"provider": "postgresql",
			"driver": "postgres-jdbc",
			"name": "PostgreSQL@0:0:0:0:0:0:0:1%lo",
			"save-password": false,
			"show-system-objects": true,
			"read-only": false,
			"configuration": {
				"host": "0:0:0:0:0:0:0:1%lo",
				"port": "5432",
				"database": "postgres",
				"url": "jdbc:postgresql://0:0:0:0:0:0:0:1%lo:5432/postgres",
				"type": "dev",
				"auth-model": "native",
				"handlers": {}
			}
		}
	},
	"connection-types": {
		"dev": {
			"name": "Development",
			"color": "255,255,255",
			"description": "Regular development database",
			"auto-commit": true,
			"confirm-execute": false,
			"confirm-data-change": false
		}
	}
}