<?xml version="1.0" encoding="UTF-8"?>
<feature
        id="io.cloudbeaver.product.ce.feature"
        label="%featureName"
        version="20.0.4.202102191905"
        provider-name="%providerName"
        plugin="io.cloudbeaver.product.ce">

    <description>
        %description
    </description>

    <copyright>
        %copyright
    </copyright>

    <license url="%licenseURL">
        %license
    </license>

    <includes id="io.cloudbeaver.server.feature" version="20.0.4.202102191905"/>
    <includes id="io.cloudbeaver.sample.feature" version="1.0.23.202102191905"/>
    <includes id="io.cloudbeaver.ce.drivers.feature" version="1.0.43.202102191905"/>

    <plugin id="io.cloudbeaver.product.ce" download-size="1" install-size="1" version="20.0.4.202102191905" unpack="false"/>

</feature>
