<?xml version='1.0' encoding='UTF-8'?>
<?artifactRepository version='1.1.0'?>
<repository name='Bundle pool' type='org.eclipse.equinox.p2.artifact.repository.simpleRepository' version='1'>
  <properties size='2'>
    <property name='p2.system' value='true'/>
    <property name='p2.timestamp' value='1613761614007'/>
  </properties>
  <mappings size='3'>
    <rule filter='(&amp; (classifier=osgi.bundle))' output='${repoUrl}/plugins/${id}_${version}.jar'/>
    <rule filter='(&amp; (classifier=binary))' output='${repoUrl}/binary/${id}_${version}'/>
    <rule filter='(&amp; (classifier=org.eclipse.update.feature))' output='${repoUrl}/features/${id}_${version}.jar'/>
  </mappings>
  <artifacts size='107'>
    <artifact classifier='osgi.bundle' id='org.eclipse.jetty.server' version='9.4.35.v20201120'>
      <properties size='1'>
        <property name='download.size' value='740738'/>
      </properties>
    </artifact>
    <artifact classifier='osgi.bundle' id='org.eclipse.core.resources' version='3.13.900.v20201105-1507'>
      <properties size='1'>
        <property name='download.size' value='896923'/>
      </properties>
    </artifact>
    <artifact classifier='osgi.bundle' id='org.eclipse.osgi.services' version='3.9.0.v20200511-1725'>
      <properties size='1'>
        <property name='download.size' value='128679'/>
      </properties>
    </artifact>
    <artifact classifier='osgi.bundle' id='org.jkiss.dbeaver.ext.opendistro' version='1.0.36.202102191905'>
      <properties size='1'>
        <property name='download.size' value='15142'/>
      </properties>
    </artifact>
    <artifact classifier='osgi.bundle' id='org.eclipse.osgi' version='3.16.100.v20201030-1916'>
      <properties size='1'>
        <property name='download.size' value='1515862'/>
      </properties>
    </artifact>
    <artifact classifier='osgi.bundle' id='com.jcraft.jsch' version='0.1.55.v20190404-1902'>
      <properties size='1'>
        <property name='download.size' value='304961'/>
      </properties>
    </artifact>
    <artifact classifier='osgi.bundle' id='com.sun.jna' version='4.5.1.v20190425-1842'>
      <properties size='1'>
        <property name='download.size' value='1466643'/>
      </properties>
    </artifact>
    <artifact classifier='osgi.bundle' id='org.jkiss.dbeaver.net.ssh.jsch' version='1.1.62.202102191905'>
      <properties size='1'>
        <property name='download.size' value='12578'/>
      </properties>
    </artifact>
    <artifact classifier='osgi.bundle' id='org.jkiss.dbeaver.ext.generic' version='2.3.138.202102191905'>
      <properties size='1'>
        <property name='download.size' value='891714'/>
      </properties>
    </artifact>
    <artifact classifier='osgi.bundle' id='org.jkiss.dbeaver.ext.greenplum' version='1.0.53.202102191905'>
      <properties size='1'>
        <property name='download.size' value='83207'/>
      </properties>
    </artifact>
    <artifact classifier='osgi.bundle' id='org.jkiss.dbeaver.ext.exasol' version='1.0.110.202102191905'>
      <properties size='1'>
        <property name='download.size' value='293098'/>
      </properties>
    </artifact>
    <artifact classifier='osgi.bundle' id='org.eclipse.equinox.launcher' version='1.6.0.v20200915-1508'>
      <properties size='1'>
        <property name='download.size' value='53322'/>
      </properties>
    </artifact>
    <artifact classifier='osgi.bundle' id='org.apache.commons.logging' version='1.2.0.v20180409-1502'>
      <properties size='1'>
        <property name='download.size' value='73163'/>
      </properties>
    </artifact>
    <artifact classifier='osgi.bundle' id='com.sun.jna.platform' version='4.5.1.v20190425-1842'>
      <properties size='1'>
        <property name='download.size' value='1195544'/>
      </properties>
    </artifact>
    <artifact classifier='osgi.bundle' id='org.jkiss.dbeaver.ext.informix' version='1.0.143.202102191905'>
      <properties size='1'>
        <property name='download.size' value='7881'/>
      </properties>
    </artifact>
    <artifact classifier='osgi.bundle' id='io.cloudbeaver.resources.drivers.base' version='1.0.20.202102191905'>
      <properties size='1'>
        <property name='download.size' value='1108'/>
      </properties>
    </artifact>
    <artifact classifier='osgi.bundle' id='org.jkiss.dbeaver.ext.athena' version='1.0.58.202102191905'>
      <properties size='1'>
        <property name='download.size' value='39664'/>
      </properties>
    </artifact>
    <artifact classifier='osgi.bundle' id='org.eclipse.core.jobs' version='3.10.1000.v20200909-1312'>
      <properties size='1'>
        <property name='download.size' value='107612'/>
      </properties>
    </artifact>
    <artifact classifier='osgi.bundle' id='org.jkiss.dbeaver.ext.kognitio' version='1.0.36.202102191905'>
      <properties size='1'>
        <property name='download.size' value='9976'/>
      </properties>
    </artifact>
    <artifact classifier='osgi.bundle' id='io.cloudbeaver.service.data.transfer' version='1.0.20.202102191905'>
      <properties size='1'>
        <property name='download.size' value='22171'/>
      </properties>
    </artifact>
    <artifact classifier='osgi.bundle' id='io.cloudbeaver.service.metadata' version='1.0.23.202102191905'>
      <properties size='1'>
        <property name='download.size' value='5450'/>
      </properties>
    </artifact>
    <artifact classifier='osgi.bundle' id='org.eclipse.core.contenttype' version='3.7.800.v20200724-0804'>
      <properties size='1'>
        <property name='download.size' value='100631'/>
      </properties>
    </artifact>
    <artifact classifier='osgi.bundle' id='org.jkiss.dbeaver.ext.hive' version='1.0.58.202102191905'>
      <properties size='1'>
        <property name='download.size' value='27956'/>
      </properties>
    </artifact>
    <artifact classifier='osgi.bundle' id='org.jkiss.dbeaver.net.ssh' version='1.0.73.202102191905'>
      <properties size='1'>
        <property name='download.size' value='121507'/>
      </properties>
    </artifact>
    <artifact classifier='osgi.bundle' id='org.apache.felix.scr' version='2.1.24.v20200924-1939'>
      <properties size='1'>
        <property name='download.size' value='421820'/>
      </properties>
    </artifact>
    <artifact classifier='osgi.bundle' id='org.jkiss.dbeaver.ext.oracle' version='2.1.137.202102191905'>
      <properties size='1'>
        <property name='download.size' value='556949'/>
      </properties>
    </artifact>
    <artifact classifier='osgi.bundle' id='org.jkiss.dbeaver.ext.db2' version='2.1.137.202102191905'>
      <properties size='1'>
        <property name='download.size' value='525899'/>
      </properties>
    </artifact>
    <artifact classifier='osgi.bundle' id='org.eclipse.core.filesystem' version='1.7.700.v20200110-1734'>
      <properties size='1'>
        <property name='download.size' value='66954'/>
      </properties>
    </artifact>
    <artifact classifier='osgi.bundle' id='org.jkiss.dbeaver.ext.mysql' version='2.1.137.202102191905'>
      <properties size='1'>
        <property name='download.size' value='349433'/>
      </properties>
    </artifact>
    <artifact classifier='osgi.bundle' id='org.eclipse.jetty.util.ajax' version='9.4.35.v20201120'>
      <properties size='1'>
        <property name='download.size' value='74318'/>
      </properties>
    </artifact>
    <artifact classifier='osgi.bundle' id='org.eclipse.jetty.util' version='9.4.35.v20201120'>
      <properties size='1'>
        <property name='download.size' value='600027'/>
      </properties>
    </artifact>
    <artifact classifier='osgi.bundle' id='org.jkiss.dbeaver.ext.db2.i' version='1.0.40.202102191905'>
      <properties size='1'>
        <property name='download.size' value='31870'/>
      </properties>
    </artifact>
    <artifact classifier='osgi.bundle' id='org.jkiss.dbeaver.ext.elasticsearch' version='1.0.63.202102191905'>
      <properties size='1'>
        <property name='download.size' value='23165'/>
      </properties>
    </artifact>
    <artifact classifier='osgi.bundle' id='org.jkiss.bundle.gis' version='2.0.4'>
      <properties size='1'>
        <property name='download.size' value='1535241'/>
      </properties>
      <repositoryProperties size='1'>
        <property name='artifact.folder' value='true'/>
      </repositoryProperties>
    </artifact>
    <artifact classifier='osgi.bundle' id='org.jkiss.dbeaver.data.transfer' version='2.0.36.202102191905'>
      <properties size='1'>
        <property name='download.size' value='274869'/>
      </properties>
    </artifact>
    <artifact classifier='osgi.bundle' id='org.jkiss.dbeaver.ext.spanner' version='1.0.39.202102191905'>
      <properties size='1'>
        <property name='download.size' value='36200'/>
      </properties>
    </artifact>
    <artifact classifier='osgi.bundle' id='org.eclipse.text' version='3.10.400.v20200925-0557'>
      <properties size='1'>
        <property name='download.size' value='294529'/>
      </properties>
    </artifact>
    <artifact classifier='osgi.bundle' id='org.slf4j.api' version='1.7.30.v20200204-2150'>
      <properties size='1'>
        <property name='download.size' value='53068'/>
      </properties>
    </artifact>
    <artifact classifier='osgi.bundle' id='net.sf.opencsv' version='2.3.0'>
      <properties size='1'>
        <property name='download.size' value='20377'/>
      </properties>
    </artifact>
    <artifact classifier='osgi.bundle' id='org.bouncycastle.bcpkix' version='1.65.0.v20200527-1955'>
      <properties size='1'>
        <property name='download.size' value='852275'/>
      </properties>
    </artifact>
    <artifact classifier='osgi.bundle' id='io.cloudbeaver.service.admin' version='1.0.19.202102191905'>
      <properties size='1'>
        <property name='download.size' value='27571'/>
      </properties>
    </artifact>
    <artifact classifier='org.eclipse.update.feature' id='org.jkiss.dbeaver.db.feature' version='1.0.43.202102191905'>
      <properties size='1'>
        <property name='download.size' value='1498'/>
      </properties>
      <repositoryProperties size='1'>
        <property name='artifact.folder' value='true'/>
      </repositoryProperties>
    </artifact>
    <artifact classifier='osgi.bundle' id='org.jkiss.dbeaver.cmp.simple' version='6.0.48.202102191905'>
      <properties size='1'>
        <property name='download.size' value='19763'/>
      </properties>
    </artifact>
    <artifact classifier='osgi.bundle' id='org.eclipse.equinox.registry' version='3.10.0.v20201107-1818'>
      <properties size='1'>
        <property name='download.size' value='194787'/>
      </properties>
    </artifact>
    <artifact classifier='osgi.bundle' id='org.eclipse.jetty.io' version='9.4.35.v20201120'>
      <properties size='1'>
        <property name='download.size' value='179528'/>
      </properties>
    </artifact>
    <artifact classifier='osgi.bundle' id='org.jkiss.dbeaver.ext.sqlite' version='1.0.101.202102191905'>
      <properties size='1'>
        <property name='download.size' value='34098'/>
      </properties>
    </artifact>
    <artifact classifier='osgi.bundle' id='org.jkiss.dbeaver.ext.hana' version='1.2.30.202102191905'>
      <properties size='1'>
        <property name='download.size' value='81319'/>
      </properties>
    </artifact>
    <artifact classifier='osgi.bundle' id='org.jkiss.dbeaver.ext.firebird' version='1.0.153.202102191905'>
      <properties size='1'>
        <property name='download.size' value='84767'/>
      </properties>
    </artifact>
    <artifact classifier='org.eclipse.update.feature' id='io.cloudbeaver.ce.drivers.feature' version='1.0.43.202102191905'>
      <properties size='1'>
        <property name='download.size' value='631'/>
      </properties>
      <repositoryProperties size='1'>
        <property name='artifact.folder' value='true'/>
      </repositoryProperties>
    </artifact>
    <artifact classifier='osgi.bundle' id='org.eclipse.equinox.event' version='1.5.500.v20200616-0800'>
      <properties size='1'>
        <property name='download.size' value='35256'/>
      </properties>
    </artifact>
    <artifact classifier='osgi.bundle' id='com.ibm.icu.base' version='58.2.0.v20170418-1837'>
      <properties size='1'>
        <property name='download.size' value='185824'/>
      </properties>
    </artifact>
    <artifact classifier='osgi.bundle' id='org.eclipse.core.net' version='1.3.1000.v20200715-0827'>
      <properties size='1'>
        <property name='download.size' value='70762'/>
      </properties>
    </artifact>
    <artifact classifier='osgi.bundle' id='org.jkiss.dbeaver.ext.netezza' version='1.0.117.202102191905'>
      <properties size='1'>
        <property name='download.size' value='5715'/>
      </properties>
    </artifact>
    <artifact classifier='osgi.bundle' id='org.jkiss.dbeaver.ext.vertica' version='2.0.82.202102191905'>
      <properties size='1'>
        <property name='download.size' value='49891'/>
      </properties>
    </artifact>
    <artifact classifier='osgi.bundle' id='org.jkiss.dbeaver.data.office' version='1.1.90.202102191905'>
      <properties size='1'>
        <property name='download.size' value='21000'/>
      </properties>
    </artifact>
    <artifact classifier='osgi.bundle' id='org.jkiss.dbeaver.ext.derby' version='1.1.137.202102191905'>
      <properties size='1'>
        <property name='download.size' value='7550'/>
      </properties>
    </artifact>
    <artifact classifier='osgi.bundle' id='org.bouncycastle.bcprov' version='1.65.1.v20200529-1514'>
      <properties size='1'>
        <property name='download.size' value='4455294'/>
      </properties>
    </artifact>
    <artifact classifier='osgi.bundle' id='io.cloudbeaver.server' version='20.0.4.202102191905'>
      <properties size='1'>
        <property name='download.size' value='267687'/>
      </properties>
    </artifact>
    <artifact classifier='osgi.bundle' id='io.cloudbeaver.service.auth' version='1.0.19.202102191905'>
      <properties size='1'>
        <property name='download.size' value='7890'/>
      </properties>
    </artifact>
    <artifact classifier='osgi.bundle' id='org.eclipse.core.runtime' version='3.20.0.v20201027-1526'>
      <properties size='1'>
        <property name='download.size' value='73380'/>
      </properties>
    </artifact>
    <artifact classifier='osgi.bundle' id='org.jkiss.dbeaver.slf4j' version='2.0.22.202102191905'>
      <properties size='1'>
        <property name='download.size' value='3086'/>
      </properties>
    </artifact>
    <artifact classifier='osgi.bundle' id='org.eclipse.equinox.common' version='3.14.0.v20201102-2053'>
      <properties size='1'>
        <property name='download.size' value='142478'/>
      </properties>
    </artifact>
    <artifact classifier='osgi.bundle' id='org.eclipse.osgi.compatibility.state' version='1.2.200.v20200915-2015'>
      <properties size='1'>
        <property name='download.size' value='248055'/>
      </properties>
    </artifact>
    <artifact classifier='org.eclipse.update.feature' id='io.cloudbeaver.product.ce.feature' version='20.0.4.202102191905'>
      <properties size='1'>
        <property name='download.size' value='4913'/>
      </properties>
      <repositoryProperties size='1'>
        <property name='artifact.folder' value='true'/>
      </repositoryProperties>
    </artifact>
    <artifact classifier='osgi.bundle' id='org.jkiss.dbeaver.net.ssh.sshj' version='1.0.73.202102191905'>
      <properties size='1'>
        <property name='download.size' value='9027'/>
      </properties>
    </artifact>
    <artifact classifier='osgi.bundle' id='org.jkiss.dbeaver.ext.teradata' version='1.0.120.202102191905'>
      <properties size='1'>
        <property name='download.size' value='7528'/>
      </properties>
    </artifact>
    <artifact classifier='osgi.bundle' id='org.jkiss.bundle.sshj' version='0.27.3'>
      <properties size='1'>
        <property name='download.size' value='588404'/>
      </properties>
      <repositoryProperties size='1'>
        <property name='artifact.folder' value='true'/>
      </repositoryProperties>
    </artifact>
    <artifact classifier='org.eclipse.update.feature' id='io.cloudbeaver.server.feature' version='20.0.4.202102191905'>
      <properties size='1'>
        <property name='download.size' value='1454'/>
      </properties>
      <repositoryProperties size='1'>
        <property name='artifact.folder' value='true'/>
      </repositoryProperties>
    </artifact>
    <artifact classifier='osgi.bundle' id='org.eclipse.jetty.security' version='9.4.35.v20201120'>
      <properties size='1'>
        <property name='download.size' value='129114'/>
      </properties>
    </artifact>
    <artifact classifier='osgi.bundle' id='org.jkiss.dbeaver.ext.postgresql' version='2.1.125.202102191905'>
      <properties size='1'>
        <property name='download.size' value='916486'/>
      </properties>
    </artifact>
    <artifact classifier='osgi.bundle' id='org.eclipse.equinox.security' version='1.3.500.v20200114-1637'>
      <properties size='1'>
        <property name='download.size' value='113283'/>
      </properties>
    </artifact>
    <artifact classifier='osgi.bundle' id='org.eclipse.jetty.http' version='9.4.35.v20201120'>
      <properties size='1'>
        <property name='download.size' value='230509'/>
      </properties>
    </artifact>
    <artifact classifier='osgi.bundle' id='com.github.jsqlparser' version='4.0.0'>
      <properties size='1'>
        <property name='download.size' value='760022'/>
      </properties>
    </artifact>
    <artifact classifier='osgi.bundle' id='org.jkiss.dbeaver.ext.hsqldb' version='1.0.99.202102191905'>
      <properties size='1'>
        <property name='download.size' value='13208'/>
      </properties>
    </artifact>
    <artifact classifier='osgi.bundle' id='javax.servlet' version='3.1.0.v201410161800'>
      <properties size='1'>
        <property name='download.size' value='110825'/>
      </properties>
    </artifact>
    <artifact classifier='osgi.bundle' id='org.eclipse.equinox.preferences' version='3.8.100.v20201102-2042'>
      <properties size='1'>
        <property name='download.size' value='137156'/>
      </properties>
    </artifact>
    <artifact classifier='osgi.bundle' id='org.apache.commons.jexl' version='3.1.0'>
      <properties size='1'>
        <property name='download.size' value='397422'/>
      </properties>
    </artifact>
    <artifact classifier='osgi.bundle' id='org.jkiss.dbeaver.ext.bigquery' version='1.0.58.202102191905'>
      <properties size='1'>
        <property name='download.size' value='44740'/>
      </properties>
    </artifact>
    <artifact classifier='osgi.bundle' id='org.eclipse.osgi.util' version='3.5.300.v20190708-1141'>
      <properties size='1'>
        <property name='download.size' value='73510'/>
      </properties>
    </artifact>
    <artifact classifier='osgi.bundle' id='org.jkiss.dbeaver.erd.model' version='1.0.12.202102191905'>
      <properties size='1'>
        <property name='download.size' value='41888'/>
      </properties>
    </artifact>
    <artifact classifier='osgi.bundle' id='org.jkiss.dbeaver.model' version='1.0.141.202102191905'>
      <properties size='1'>
        <property name='download.size' value='1662765'/>
      </properties>
    </artifact>
    <artifact classifier='osgi.bundle' id='org.jkiss.dbeaver.model.sql' version='1.0.42.202102191905'>
      <properties size='1'>
        <property name='download.size' value='220464'/>
      </properties>
    </artifact>
    <artifact classifier='osgi.bundle' id='com.google.gson' version='2.8.2.v20180104-1110'>
      <properties size='1'>
        <property name='download.size' value='259868'/>
      </properties>
    </artifact>
    <artifact classifier='osgi.bundle' id='org.jkiss.dbeaver.ext.h2gis' version='1.0.35.202102191905'>
      <properties size='1'>
        <property name='download.size' value='20571'/>
      </properties>
    </artifact>
    <artifact classifier='osgi.bundle' id='io.cloudbeaver.product.ce' version='20.0.4.202102191905'>
      <properties size='1'>
        <property name='download.size' value='2003'/>
      </properties>
    </artifact>
    <artifact classifier='osgi.bundle' id='org.jkiss.bundle.apache.poi' version='4.1.1'>
      <properties size='1'>
        <property name='download.size' value='15996890'/>
      </properties>
      <repositoryProperties size='1'>
        <property name='artifact.folder' value='true'/>
      </repositoryProperties>
    </artifact>
    <artifact classifier='osgi.bundle' id='org.jkiss.dbeaver.ext.snowflake.core' version='1.0.72.202102191905'>
      <properties size='1'>
        <property name='download.size' value='37258'/>
      </properties>
    </artifact>
    <artifact classifier='osgi.bundle' id='org.objectweb.asm' version='9.0.0.v20201001-1419'>
      <properties size='1'>
        <property name='download.size' value='133336'/>
      </properties>
    </artifact>
    <artifact classifier='osgi.bundle' id='org.eclipse.core.commands' version='3.9.800.v20201021-1339'>
      <properties size='1'>
        <property name='download.size' value='115523'/>
      </properties>
    </artifact>
    <artifact classifier='osgi.bundle' id='org.jkiss.bundle.apache.dbcp' version='2.7.0'>
      <properties size='1'>
        <property name='download.size' value='378390'/>
      </properties>
      <repositoryProperties size='1'>
        <property name='artifact.folder' value='true'/>
      </repositoryProperties>
    </artifact>
    <artifact classifier='osgi.bundle' id='org.jkiss.dbeaver.data.gis' version='1.0.76.202102191905'>
      <properties size='1'>
        <property name='download.size' value='23292'/>
      </properties>
    </artifact>
    <artifact classifier='osgi.bundle' id='org.eclipse.equinox.app' version='1.5.0.v20200717-0620'>
      <properties size='1'>
        <property name='download.size' value='89285'/>
      </properties>
    </artifact>
    <artifact classifier='osgi.bundle' id='org.jkiss.dbeaver.ext.h2' version='1.0.107.202102191905'>
      <properties size='1'>
        <property name='download.size' value='7087'/>
      </properties>
    </artifact>
    <artifact classifier='osgi.bundle' id='io.cloudbeaver.connect.provider.sample' version='1.0.23.202102191905'>
      <properties size='1'>
        <property name='download.size' value='3450'/>
      </properties>
    </artifact>
    <artifact classifier='osgi.bundle' id='org.jkiss.dbeaver.ext.db2.zos' version='1.0.55.202102191905'>
      <properties size='1'>
        <property name='download.size' value='36043'/>
      </properties>
    </artifact>
    <artifact classifier='osgi.bundle' id='org.eclipse.core.expressions' version='3.7.0.v20200720-1126'>
      <properties size='1'>
        <property name='download.size' value='92924'/>
      </properties>
    </artifact>
    <artifact classifier='osgi.bundle' id='org.jkiss.utils' version='2.1.135.202102191905'>
      <properties size='1'>
        <property name='download.size' value='82582'/>
      </properties>
    </artifact>
    <artifact classifier='osgi.bundle' id='org.jkiss.dbeaver.ext.phoenix' version='1.0.121.202102191905'>
      <properties size='1'>
        <property name='download.size' value='8051'/>
      </properties>
    </artifact>
    <artifact classifier='osgi.bundle' id='org.jkiss.dbeaver.ext.clickhouse' version='1.0.57.202102191905'>
      <properties size='1'>
        <property name='download.size' value='15700'/>
      </properties>
    </artifact>
    <artifact classifier='osgi.bundle' id='org.jkiss.dbeaver.registry' version='1.0.46.202102191905'>
      <properties size='1'>
        <property name='download.size' value='394580'/>
      </properties>
    </artifact>
    <artifact classifier='osgi.bundle' id='org.jkiss.dbeaver.ext.mssql' version='1.0.146.202102191905'>
      <properties size='1'>
        <property name='download.size' value='324762'/>
      </properties>
    </artifact>
    <artifact classifier='osgi.bundle' id='org.eclipse.jetty.servlet' version='9.4.35.v20201120'>
      <properties size='1'>
        <property name='download.size' value='157888'/>
      </properties>
    </artifact>
    <artifact classifier='org.eclipse.update.feature' id='org.jkiss.dbeaver.runtime.feature' version='21.0.0.202102191905'>
      <properties size='1'>
        <property name='download.size' value='5390'/>
      </properties>
      <repositoryProperties size='1'>
        <property name='artifact.folder' value='true'/>
      </repositoryProperties>
    </artifact>
    <artifact classifier='osgi.bundle' id='org.jkiss.dbeaver.ext.ocient' version='1.0.23.202102191905'>
      <properties size='1'>
        <property name='download.size' value='30749'/>
      </properties>
    </artifact>
    <artifact classifier='osgi.bundle' id='org.jkiss.dbeaver.tasks.native' version='1.0.30.202102191905'>
      <properties size='1'>
        <property name='download.size' value='28702'/>
      </properties>
    </artifact>
    <artifact classifier='org.eclipse.update.feature' id='io.cloudbeaver.sample.feature' version='1.0.23.202102191905'>
      <properties size='1'>
        <property name='download.size' value='889'/>
      </properties>
      <repositoryProperties size='1'>
        <property name='artifact.folder' value='true'/>
      </repositoryProperties>
    </artifact>
    <artifact classifier='osgi.bundle' id='org.jkiss.bundle.graphql.java' version='12.1.1'>
      <properties size='1'>
        <property name='download.size' value='1902088'/>
      </properties>
      <repositoryProperties size='1'>
        <property name='artifact.folder' value='true'/>
      </repositoryProperties>
    </artifact>
  </artifacts>
</repository>
